{
  "Profiles": [
    {
      "Right Option Key Sends": 0,
      "Tags": [],
      "Ansi 12 Color": {
        "Red Component": 0.6000000238418579,
        "Color Space": "sRGB",
        "Blue Component": 0.7921568751335144,
        "Alpha Component": 1,
        "Green Component": 0.7764706015586853
      },
      "Ansi 6 Color": {
        "Red Component": 0.40784314274787903,
        "Color Space": "sRGB",
        "Blue Component": 0.4156862795352936,
        "Alpha Component": 1,
        "Green Component": 0.615686297416687
      },
      "Tab Color": {
        "Red Component": 0,
        "Color Space": "sRGB",
        "Blue Component": 0,
        "Alpha Component": 1,
        "Green Component": 0
      },
      "Bold Color": {
        "Red Component": 0.9490196108818054,
        "Color Space": "sRGB",
        "Blue Component": 0.7372549176216125,
        "Alpha Component": 1,
        "Green Component": 0.8980392217636108
      },
      "Normal Font": "DejaVuSansMonoNerdFontCompleteM-Book 12",
      "Guid": "88E30DA3-42FB-4F62-937A-599E73C782B3",
      "Link Color": {
        "Red Component": 0,
        "Color Space": "sRGB",
        "Blue Component": 0.734233021736145,
        "Alpha Component": 1,
        "Green Component": 0.3591606020927429
      },
      "Rows": 80,
      "Default Bookmark": "No",
      "Ansi 2 Color": {
        "Red Component": 0.5960784554481506,
        "Color Space": "sRGB",
        "Blue Component": 0.10196078568696976,
        "Alpha Component": 1,
        "Green Component": 0.5921568870544434
      },
      "Cursor Guide Color": {
        "Red Component": 0.7021318674087524,
        "Color Space": "sRGB",
        "Blue Component": 1,
        "Alpha Component": 0.25,
        "Green Component": 0.9268307089805603
      },
      "Non-ASCII Anti Aliased": true,
      "Use Bright Bold": true,
      "Ansi 10 Color": {
        "Red Component": 0.7215686440467834,
        "Color Space": "sRGB",
        "Blue Component": 0.14901961386203766,
        "Alpha Component": 1,
        "Green Component": 0.7333333492279053
      },
      "Ambiguous Double Width": false,
      "Jobs to Ignore": [
        "rlogin",
        "ssh",
        "slogin",
        "telnet"
      ],
      "Ansi 15 Color": {
        "Red Component": 0.9215686321258545,
        "Color Space": "sRGB",
        "Blue Component": 0.6980392336845398,
        "Alpha Component": 1,
        "Green Component": 0.8588235378265381
      },
      "Foreground Color": {
        "Red Component": 0.9490196108818054,
        "Color Space": "sRGB",
        "Blue Component": 0.7372549176216125,
        "Alpha Component": 1,
        "Green Component": 0.8980392217636108
      },
      "Working Directory": "/Users/jonathan",
      "Blinking Cursor": false,
      "Disable Window Resizing": true,
      "Sync Title": false,
      "Prompt Before Closing 2": false,
      "BM Growl": true,
      "Command": "",
      "Description": "Default",
      "Mouse Reporting": true,
      "Screen": -1,
      "Selection Color": {
        "Red Component": 0.4156862795352936,
        "Color Space": "sRGB",
        "Blue Component": 0.364705890417099,
        "Alpha Component": 1,
        "Green Component": 0.41960784792900085
      },
      "Columns": 180,
      "Idle Code": 0,
      "Ansi 13 Color": {
        "Red Component": 0.8274509906768799,
        "Color Space": "sRGB",
        "Blue Component": 0.6078431606292725,
        "Alpha Component": 1,
        "Green Component": 0.5254902243614197
      },
      "Custom Command": "No",
      "ASCII Anti Aliased": true,
      "Non Ascii Font": "Monaco 12",
      "Vertical Spacing": 1.2,
      "Use Bold Font": true,
      "Option Key Sends": 0,
      "Selected Text Color": {
        "Red Component": 0.9490196108818054,
        "Color Space": "sRGB",
        "Blue Component": 0.7372549176216125,
        "Alpha Component": 1,
        "Green Component": 0.8980392217636108
      },
      "Background Color": {
        "Red Component": 0,
        "Color Space": "sRGB",
        "Blue Component": 0,
        "Alpha Component": 1,
        "Green Component": 0
      },
      "Character Encoding": 4,
      "Ansi 11 Color": {
        "Red Component": 0.9803921580314636,
        "Color Space": "sRGB",
        "Blue Component": 0.18431372940540314,
        "Alpha Component": 1,
        "Green Component": 0.7411764860153198
      },
      "Use Italic Font": true,
      "Unlimited Scrollback": false,
      "Keyboard Map": {
        "0xf700-0x260000": {
          "Action": 10,
          "Text": "[1;6A"
        },
        "0x37-0x40000": {
          "Action": 11,
          "Text": "0x1f"
        },
        "0x32-0x40000": {
          "Action": 11,
          "Text": "0x00"
        },
        "0xf709-0x20000": {
          "Action": 10,
          "Text": "[17;2~"
        },
        "0xf70c-0x20000": {
          "Action": 10,
          "Text": "[20;2~"
        },
        "0xf729-0x20000": {
          "Action": 10,
          "Text": "[1;2H"
        },
        "0xf72b-0x40000": {
          "Action": 10,
          "Text": "[1;5F"
        },
        "0xf705-0x20000": {
          "Action": 10,
          "Text": "[1;2Q"
        },
        "0xf703-0x260000": {
          "Action": 10,
          "Text": "[1;6C"
        },
        "0xf700-0x220000": {
          "Action": 10,
          "Text": "[1;2A"
        },
        "0xf701-0x280000": {
          "Action": 11,
          "Text": "0x1b 0x1b 0x5b 0x42"
        },
        "0x38-0x40000": {
          "Action": 11,
          "Text": "0x7f"
        },
        "0x33-0x40000": {
          "Action": 11,
          "Text": "0x1b"
        },
        "0xf703-0x220000": {
          "Action": 10,
          "Text": "[1;2C"
        },
        "0xf701-0x240000": {
          "Action": 10,
          "Text": "[1;5B"
        },
        "0xf70d-0x20000": {
          "Action": 10,
          "Text": "[21;2~"
        },
        "0xf702-0x260000": {
          "Action": 10,
          "Text": "[1;6D"
        },
        "0xf729-0x40000": {
          "Action": 10,
          "Text": "[1;5H"
        },
        "0xf706-0x20000": {
          "Action": 10,
          "Text": "[1;2R"
        },
        "0x34-0x40000": {
          "Action": 11,
          "Text": "0x1c"
        },
        "0xf700-0x280000": {
          "Action": 11,
          "Text": "0x1b 0x1b 0x5b 0x41"
        },
        "0x2d-0x40000": {
          "Action": 11,
          "Text": "0x1f"
        },
        "0xf70e-0x20000": {
          "Action": 10,
          "Text": "[23;2~"
        },
        "0xf702-0x220000": {
          "Action": 10,
          "Text": "[1;2D"
        },
        "0xf703-0x280000": {
          "Action": 11,
          "Text": "0x1b 0x1b 0x5b 0x43"
        },
        "0xf700-0x240000": {
          "Action": 10,
          "Text": "[1;5A"
        },
        "0xf707-0x20000": {
          "Action": 10,
          "Text": "[1;2S"
        },
        "0xf70a-0x20000": {
          "Action": 10,
          "Text": "[18;2~"
        },
        "0x35-0x40000": {
          "Action": 11,
          "Text": "0x1d"
        },
        "0xf70f-0x20000": {
          "Action": 10,
          "Text": "[24;2~"
        },
        "0xf703-0x240000": {
          "Action": 10,
          "Text": "[1;5C"
        },
        "0xf701-0x260000": {
          "Action": 10,
          "Text": "[1;6B"
        },
        "0xf702-0x280000": {
          "Action": 11,
          "Text": "0x1b 0x1b 0x5b 0x44"
        },
        "0xf72b-0x20000": {
          "Action": 10,
          "Text": "[1;2F"
        },
        "0x36-0x40000": {
          "Action": 11,
          "Text": "0x1e"
        },
        "0xf708-0x20000": {
          "Action": 10,
          "Text": "[15;2~"
        },
        "0xf701-0x220000": {
          "Action": 10,
          "Text": "[1;2B"
        },
        "0xf70b-0x20000": {
          "Action": 10,
          "Text": "[19;2~"
        },
        "0xf702-0x240000": {
          "Action": 10,